3474371050044,Pentel PD-105T-D Pencil,40.00,1
8851907138554,Quantum Jello - Blue Pen,10.00,2
6947860516026,SKB Deluxe Staples,8.50,3
6947503769901,M&G Soft Eraser,12.00,4
4974052854583,Artline 500A Marker,35.75,5
4007817328859,Staedler Whiteboard Marker,40.25,6
8585820100191,Highlighter HL-757 Pink,12.00,7
8854556000333,Papermate-mini Correction,45.00,8
9557546907320,La' boom LA710 Blue Pen,10.00,9
9557546907337,La' boom LA710 Red Pen,10.00,10
0084511382169,Sakura Eraser,15.00,11
8851907011765,Stabilo Boss Red Highlighter,14.25,12